ds,trend,yhat_lower,yhat_upper,trend_lower,trend_upper,additive_terms,additive_terms_lower,additive_terms_upper,weekly,weekly_lower,weekly_upper,multiplicative_terms,multiplicative_terms_lower,multiplicative_terms_upper,yhat
2024-06-03,-41112.691230000004,-42252.24589856737,-39806.18299991775,-41112.691230000004,-41112.691230000004,147.59913396692053,147.59913396692053,147.59913396692053,147.59913396692053,147.59913396692053,147.59913396692053,0.0,0.0,0.0,-40965.092096033084
2024-06-04,-41046.75992368421,-42330.830670739866,-39786.10314053905,-41046.75992368421,-41046.75992368421,-25.748017988014077,-25.748017988014077,-25.748017988014077,-25.748017988014077,-25.748017988014077,-25.748017988014077,0.0,0.0,0.0,-41072.50794167222
2024-06-05,-40980.828617368425,-42226.31663429121,-39736.397384246935,-40980.828617368425,-40980.828617368425,-0.29311020991238185,-0.29311020991238185,-0.29311020991238185,-0.29311020991238185,-0.29311020991238185,-0.29311020991238185,0.0,0.0,0.0,-40981.121727578335
2024-06-06,-40914.897311052635,-42221.02433860533,-39623.84558196832,-40914.897311052635,-40914.897311052635,-8.290372774841458,-8.290372774841458,-8.290372774841458,-8.290372774841458,-8.290372774841458,-8.290372774841458,0.0,0.0,0.0,-40923.18768382748
2024-06-07,-40848.966004736845,-41968.978915810294,-39495.93379200318,-40848.966004736845,-40848.966004736845,83.46607333669554,83.46607333669554,83.46607333669554,83.46607333669554,83.46607333669554,83.46607333669554,0.0,0.0,0.0,-40765.49993140015
2024-06-10,-40651.172085789476,-41815.03519348733,-39126.36637158015,-40651.172085789476,-40651.172085789476,147.59913396702717,147.59913396702717,147.59913396702717,147.59913396702717,147.59913396702717,147.59913396702717,0.0,0.0,0.0,-40503.57295182245
2024-06-11,-40585.24077947369,-41896.359954920685,-39354.353477579505,-40585.24077947369,-40585.24077947369,-25.748017988577324,-25.748017988577324,-25.748017988577324,-25.748017988577324,-25.748017988577324,-25.748017988577324,0.0,0.0,0.0,-40610.98879746226
2024-06-12,-40519.3094731579,-41745.99023976497,-39106.59227274128,-40519.3094731579,-40519.3094731579,-0.2931102097740893,-0.2931102097740893,-0.2931102097740893,-0.2931102097740893,-0.2931102097740893,-0.2931102097740893,0.0,0.0,0.0,-40519.60258336767
2024-06-13,-40453.378167612085,-41724.42172456885,-39098.66302893157,-40453.378167612085,-40453.378167612085,-8.290372774464451,-8.290372774464451,-8.290372774464451,-8.290372774464451,-8.290372774464451,-8.290372774464451,0.0,0.0,0.0,-40461.66854038655
2024-06-14,-40387.446862066274,-41614.38206898325,-39148.73828422671,-40387.446862066274,-40387.446862066274,83.46607333743246,83.46607333743246,83.46607333743246,83.46607333743246,83.46607333743246,83.46607333743246,0.0,0.0,0.0,-40303.98078872884
2024-06-17,-40189.65294542885,-41355.50214598054,-38747.8583214403,-40189.65294542885,-40189.65294542885,147.5991339671339,147.5991339671339,147.5991339671339,147.5991339671339,147.5991339671339,147.5991339671339,0.0,0.0,0.0,-40042.053811461716
2024-06-18,-40123.721639883035,-41425.44924974342,-38841.777717868084,-40123.721639883035,-40123.721639883035,-25.7480179881316,-25.7480179881316,-25.7480179881316,-25.7480179881316,-25.7480179881316,-25.7480179881316,0.0,0.0,0.0,-40149.46965787117
2024-06-19,-40057.79033433722,-41279.320450110026,-38826.40635108056,-40057.79033433722,-40057.79033433722,-0.29311021006413185,-0.29311021006413185,-0.29311021006413185,-0.29311021006413185,-0.29311021006413185,-0.29311021006413185,0.0,0.0,0.0,-40058.08344454729
2024-06-20,-39991.85902879141,-41269.69516693152,-38675.965236801705,-39991.85902879141,-39991.85902879141,-8.290372775124403,-8.290372775124403,-8.290372775124403,-8.290372775124403,-8.290372775124403,-8.290372775124403,0.0,0.0,0.0,-40000.14940156654
2024-06-21,-39925.9277232456,-41190.62705699958,-38573.481073246294,-39925.9277232456,-39925.9277232456,83.46607333723327,83.46607333723327,83.46607333723327,83.46607333723327,83.46607333723327,83.46607333723327,0.0,0.0,0.0,-39842.461649908364
2024-06-24,-39728.13380660817,-40887.81675367075,-38312.11516530568,-39728.13380660817,-39728.13380660817,147.5991339672405,147.5991339672405,147.5991339672405,147.5991339672405,147.5991339672405,147.5991339672405,0.0,0.0,0.0,-39580.53467264093
2024-06-25,-39662.20250021897,-40948.51598006221,-38424.168124296295,-39662.20250021897,-39662.20250021897,-25.748017988694865,-25.748017988694865,-25.748017988694865,-25.748017988694865,-25.748017988694865,-25.748017988694865,0.0,0.0,0.0,-39687.95051820766
2024-06-26,-39596.271193829765,-40977.89284730033,-38321.77476804514,-39596.271193829765,-39596.271193829765,-0.2931102094217003,-0.2931102094217003,-0.2931102094217003,-0.2931102094217003,-0.2931102094217003,-0.2931102094217003,0.0,0.0,0.0,-39596.56430403919
2024-06-27,-39530.33988744057,-40864.61535856153,-38183.37188843878,-39530.33988744057,-39530.33988744057,-8.29037277371044,-8.29037277371044,-8.29037277371044,-8.29037277371044,-8.29037277371044,-8.29037277371044,0.0,0.0,0.0,-39538.63026021428
2024-06-28,-39464.40858105136,-40609.95955987058,-38086.05542853667,-39464.40858105136,-39464.40858105136,83.4660733370341,83.4660733370341,83.4660733370341,83.4660733370341,83.4660733370341,83.4660733370341,0.0,0.0,0.0,-39380.942507714324
2024-06-29,-39398.47727466216,-40560.23181377631,-37974.23201435738,-39398.47727466216,-39398.47727466216,102.07758814188578,102.07758814188578,102.07758814188578,102.07758814188578,102.07758814188578,102.07758814188578,0.0,0.0,0.0,-39296.39968652027
2024-07-01,-39266.61466188375,-40380.21027715335,-37855.9302397599,-39266.61466188375,-39266.61466188375,147.59913396757392,147.59913396757392,147.59913396757392,147.59913396757392,147.59913396757392,147.59913396757392,0.0,0.0,0.0,-39119.01552791618
2024-07-02,-39200.68335549454,-40483.84210570784,-37952.31163916258,-39200.68335549454,-39200.68335549454,-25.748017988614794,-25.748017988614794,-25.748017988614794,-25.748017988614794,-25.748017988614794,-25.748017988614794,0.0,0.0,0.0,-39226.43137348315
2024-07-03,-39134.752048078335,-40474.429007451174,-37950.70279229033,-39134.752048078335,-39134.752048078335,-0.29311020877927757,-0.29311020877927757,-0.29311020877927757,-0.29311020877927757,-0.29311020877927757,-0.29311020877927757,0.0,0.0,0.0,-39135.04515828712
2024-07-04,-39068.82074066212,-40432.96782013944,-37829.94419919855,-39068.82074066212,-39068.82074066212,-8.290372775146679,-8.290372775146679,-8.290372775146679,-8.290372775146679,-8.290372775146679,-8.290372775146679,0.0,0.0,0.0,-39077.11111343727
2024-07-05,-39002.8894332459,-40200.9114507643,-37632.79159543688,-39002.8894332459,-39002.8894332459,83.46607333683488,83.46607333683488,83.46607333683488,83.46607333683488,83.46607333683488,83.46607333683488,0.0,0.0,0.0,-38919.423359909066
2024-07-08,-38805.095510997264,-39925.280289236835,-37418.03680565973,-38805.095510997264,-38805.095510997264,147.5991339674539,147.5991339674539,147.5991339674539,147.5991339674539,147.5991339674539,147.5991339674539,0.0,0.0,0.0,-38657.49637702981
2024-07-09,-38739.16420358106,-40031.072829526034,-37465.514094610844,-38739.16420358106,-38739.16420358106,-25.748017987525756,-25.748017987525756,-25.748017987525756,-25.748017987525756,-25.748017987525756,-25.748017987525756,0.0,0.0,0.0,-38764.912221568586
2024-07-10,-38673.23289616484,-40003.806870473585,-37430.92584151623,-38673.23289616484,-38673.23289616484,-0.2931102100017942,-0.2931102100017942,-0.2931102100017942,-0.2931102100017942,-0.2931102100017942,-0.2931102100017942,0.0,0.0,0.0,-38673.52600637484
2024-07-11,-38607.30158874863,-39939.031702190645,-37347.02430767647,-38607.30158874863,-38607.30158874863,-8.290372774769674,-8.290372774769674,-8.290372774769674,-8.290372774769674,-8.290372774769674,-8.290372774769674,0.0,0.0,0.0,-38615.5919615234
2024-07-12,-38541.37028146427,-39817.5231665865,-37176.18790022421,-38541.37028146427,-38541.37028146427,83.46607333757177,83.46607333757177,83.46607333757177,83.46607333757177,83.46607333757177,83.46607333757177,0.0,0.0,0.0,-38457.904208126696
2024-07-15,-38343.576359611165,-39517.182431955,-36971.37817108099,-38343.576359611165,-38343.576359611165,147.5991339669156,147.5991339669156,147.5991339669156,147.5991339669156,147.5991339669156,147.5991339669156,0.0,0.0,0.0,-38195.97722564425
2024-07-16,-38277.6450523268,-39339.3553944624,-36970.51449040023,-38277.6450523268,-38277.6450523268,-25.74801798744574,-25.74801798744574,-25.74801798744574,-25.74801798744574,-25.74801798744574,-25.74801798744574,0.0,0.0,0.0,-38303.39307031425
2024-07-17,-38211.713745042434,-39474.58233394776,-36873.63585870412,-38211.713745042434,-38211.713745042434,-0.2931102093593538,-0.2931102093593538,-0.2931102093593538,-0.2931102093593538,-0.2931102093593538,-0.2931102093593538,0.0,0.0,0.0,-38212.00685525179
2024-07-18,-38145.78243775807,-39392.46465555086,-36807.285575051275,-38145.78243775807,-38145.78243775807,-8.290372775429624,-8.290372775429624,-8.290372775429624,-8.290372775429624,-8.290372775429624,-8.290372775429624,0.0,0.0,0.0,-38154.0728105335
2024-07-19,-38079.851130473704,-39268.70435283645,-36629.055835033,-38079.851130473704,-38079.851130473704,83.46607333643655,83.46607333643655,83.46607333643655,83.46607333643655,83.46607333643655,83.46607333643655,0.0,0.0,0.0,-37996.38505713727
2024-07-22,-37882.05720862061,-39064.24291478717,-36473.528932540146,-37882.05720862061,-37882.05720862061,147.59913396702223,147.59913396702223,147.59913396702223,147.59913396702223,147.59913396702223,147.59913396702223,0.0,0.0,0.0,-37734.45807465359
2024-07-23,-37816.12590133624,-39117.67738578323,-36499.015732665175,-37816.12590133624,-37816.12590133624,-25.748017988009003,-25.748017988009003,-25.748017988009003,-25.748017988009003,-25.748017988009003,-25.748017988009003,0.0,0.0,0.0,-37841.87391932425
2024-07-24,-37750.19459335298,-39067.57397190548,-36381.025223579185,-37750.19459335298,-37750.19459335298,-0.2931102096494052,-0.2931102096494052,-0.2931102096494052,-0.2931102096494052,-0.2931102096494052,-0.2931102096494052,0.0,0.0,0.0,-37750.48770356263
2024-07-25,-37684.26328536971,-39084.87123070364,-36375.96777874738,-37684.26328536971,-37684.26328536971,-8.290372776089574,-8.290372776089574,-8.290372776089574,-8.290372776089574,-8.290372776089574,-8.290372776089574,0.0,0.0,0.0,-37692.5536581458
2024-07-26,-37618.33197738644,-38860.81586656135,-36288.92831996621,-37618.33197738644,-37618.33197738644,83.46607333709684,83.46607333709684,83.46607333709684,83.46607333709684,83.46607333709684,83.46607333709684,0.0,0.0,0.0,-37534.865904049344
2024-07-28,-37486.46936141991,-39058.37522091669,-36511.554488709735,-37486.46936141991,-37486.46936141991,-298.81129447245314,-298.81129447245314,-298.81129447245314,-298.81129447245314,-298.81129447245314,-298.81129447245314,0.0,0.0,0.0,-37785.28065589237
2024-07-29,-37420.53805343665,-38481.80329448002,-36099.652534763176,-37420.53805343665,-37420.53805343665,147.5991339673556,147.5991339673556,147.5991339673556,147.5991339673556,147.5991339673556,147.5991339673556,0.0,0.0,0.0,-37272.93891946929
2024-07-30,-37354.606745453384,-38594.14256534938,-36026.595053017416,-37354.606745453384,-37354.606745453384,-25.74801798792895,-25.74801798792895,-25.74801798792895,-25.74801798792895,-25.74801798792895,-25.74801798792895,0.0,0.0,0.0,-37380.35476344131
2024-07-31,-37288.67543747012,-38498.01316757497,-36025.18024944486,-37288.67543747012,-37288.67543747012,-0.29311020951109495,-0.29311020951109495,-0.29311020951109495,-0.29311020951109495,-0.29311020951109495,-0.29311020951109495,0.0,0.0,0.0,-37288.96854767963
2024-08-01,-37222.74412278388,-38563.847264018834,-35979.987492928085,-37222.74412278388,-37222.74412278388,-8.29037277467561,-8.29037277467561,-8.29037277467561,-8.29037277467561,-8.29037277467561,-8.29037277467561,0.0,0.0,0.0,-37231.03449555855
2024-08-02,-37156.812808097646,-38354.22079317392,-35812.53405092447,-37156.812808097646,-37156.812808097646,83.46607333596162,83.46607333596162,83.46607333596162,83.46607333596162,83.46607333596162,83.46607333596162,0.0,0.0,0.0,-37073.34673476168
2024-08-05,-36959.01886403894,-38159.90579333142,-35538.134611355854,-36959.01886403894,-36959.01886403894,147.59913396768897,147.59913396768897,147.59913396768897,147.59913396768897,147.59913396768897,147.59913396768897,0.0,0.0,0.0,-36811.41973007125
2024-08-06,-36893.0875493527,-38239.48896866163,-35618.13732194508,-36893.0875493527,-36893.0875493527,-25.748017988492215,-25.748017988492215,-25.748017988492215,-25.748017988492215,-25.748017988492215,-25.748017988492215,0.0,0.0,0.0,-36918.83556734119
2024-08-07,-36827.156234666465,-38118.598549396316,-35557.48490824493,-36827.156234666465,-36827.156234666465,-0.2931102098011375,-0.2931102098011375,-0.2931102098011375,-0.2931102098011375,-0.2931102098011375,-0.2931102098011375,0.0,0.0,0.0,-36827.449344876266
2024-08-08,-36761.22491998023,-38102.97306608123,-35435.21563031257,-36761.22491998023,-36761.22491998023,-8.290372775335562,-8.290372775335562,-8.290372775335562,-8.290372775335562,-8.290372775335562,-8.290372775335562,0.0,0.0,0.0,-36769.51529275557
2024-08-09,-36695.29360529399,-37884.42767746216,-35194.069582218086,-36695.29360529399,-36695.29360529399,83.46607333669846,83.46607333669846,83.46607333669846,83.46607333669846,83.46607333669846,83.46607333669846,0.0,0.0,0.0,-36611.82753195729
2024-08-12,-36497.49966123528,-37586.96871093103,-35018.297293164476,-36497.49966123528,-36497.49966123528,147.59913396647053,147.59913396647053,147.59913396647053,147.59913396647053,147.59913396647053,147.59913396647053,0.0,0.0,0.0,-36349.90052726881
2024-08-13,-36417.683305140374,-37731.475181022215,-35158.56171607741,-36417.683305140374,-36417.683305140374,-25.74801798776888,-25.74801798776888,-25.74801798776888,-25.74801798776888,-25.74801798776888,-25.74801798776888,0.0,0.0,0.0,-36443.43132312814
2024-08-14,-36337.86694904548,-37674.352341039004,-35089.53240895022,-36337.86694904548,-36337.86694904548,-0.2931102091587059,-0.2931102091587059,-0.2931102091587059,-0.2931102091587059,-0.2931102091587059,-0.2931102091587059,0.0,0.0,0.0,-36338.16005925464
2024-08-15,-36258.05059295057,-37468.9140454308,-35094.549165752025,-36258.05059295057,-36258.05059295057,-8.290372774958554,-8.290372774958554,-8.290372774958554,-8.290372774958554,-8.290372774958554,-8.290372774958554,0.0,0.0,0.0,-36266.340965725525
2024-08-16,-36178.234236855664,-37368.47281635884,-34832.254745318096,-36178.234236855664,-36178.234236855664,83.46607333642274,83.46607333642274,83.46607333642274,83.46607333642274,83.46607333642274,83.46607333642274,0.0,0.0,0.0,-36094.76816351924
2024-08-19,-35938.78516857095,-37047.12470974736,-34512.11332034799,-35938.78516857095,-35938.78516857095,147.59913396657723,147.59913396657723,147.59913396657723,147.59913396657723,147.59913396657723,147.59913396657723,0.0,0.0,0.0,-35791.18603460437
2024-08-20,-35858.96881247604,-37155.1677816074,-34668.466448165585,-35858.96881247604,-35858.96881247604,-25.748017988332144,-25.748017988332144,-25.748017988332144,-25.748017988332144,-25.748017988332144,-25.748017988332144,0.0,0.0,0.0,-35884.71683046438
2024-08-21,-35779.15245638114,-37051.31051424795,-34435.41035025752,-35779.15245638114,-35779.15245638114,-0.2931102094487751,-0.2931102094487751,-0.2931102094487751,-0.2931102094487751,-0.2931102094487751,-0.2931102094487751,0.0,0.0,0.0,-35779.44556659059
2024-08-22,-35683.35041201998,-36928.476035761254,-34359.297725397104,-35683.35041201998,-35683.35041201998,-8.290372775357838,-8.290372775357838,-8.290372775357838,-8.290372775357838,-8.290372775357838,-8.290372775357838,0.0,0.0,0.0,-35691.64078479534
2024-08-23,-35587.54836765882,-36856.01080146037,-34291.669764429316,-35587.54836765882,-35587.54836765882,83.46607333622357,83.46607333622357,83.46607333622357,83.46607333622357,83.46607333622357,83.46607333622357,0.0,0.0,0.0,-35504.082294322594
2024-08-26,-35300.142234575345,-36527.18323491643,-33879.23810127335,-35300.142234575345,-35300.142234575345,147.59913396691059,147.59913396691059,147.59913396691059,147.59913396691059,147.59913396691059,147.59913396691059,0.0,0.0,0.0,-35152.54310060843
2024-08-27,-35204.340190214185,-36544.397480135,-33927.59950343888,-35204.340190214185,-35204.340190214185,-25.748017987886403,-25.748017987886403,-25.748017987886403,-25.748017987886403,-25.748017987886403,-25.748017987886403,0.0,0.0,0.0,-35230.08820820207
2024-08-28,-35108.538145853025,-36507.20595459349,-33751.13331657475,-35108.538145853025,-35108.538145853025,-0.2931102088063346,-0.2931102088063346,-0.2931102088063346,-0.2931102088063346,-0.2931102088063346,-0.2931102088063346,0.0,0.0,0.0,-35108.83125606183
2024-08-29,-35012.73610149187,-36340.67383866845,-33749.359995885105,-35012.73610149187,-35012.73610149187,-8.290372774980833,-8.290372774980833,-8.290372774980833,-8.290372774980833,-8.290372774980833,-8.290372774980833,0.0,0.0,0.0,-35021.02647426685
2024-08-30,-34916.93405713072,-36118.29684604184,-33619.18598158237,-34916.93405713072,-34916.93405713072,83.46607333602435,83.46607333602435,83.46607333602435,83.46607333602435,83.46607333602435,83.46607333602435,0.0,0.0,0.0,-34833.4679837947
2024-08-31,-34821.13200404237,-36016.26887439398,-33518.5602711198,-34821.13200404237,-34821.13200404237,102.07758814060935,102.07758814060935,102.07758814060935,102.07758814060935,102.07758814060935,102.07758814060935,0.0,0.0,0.0,-34719.05441590176
2024-09-02,-34629.52789786567,-35773.08916630271,-33245.96800223634,-34629.52789786567,-34629.52789786567,147.59913396724397,147.59913396724397,147.59913396724397,147.59913396724397,147.59913396724397,147.59913396724397,0.0,0.0,0.0,-34481.928763898424
2024-09-03,-34533.72584477732,-35775.394809681886,-33321.38499415199,-34533.72584477732,-34533.72584477732,-25.74801798780635,-25.74801798780635,-25.74801798780635,-25.74801798780635,-25.74801798780635,-25.74801798780635,0.0,0.0,0.0,-34559.473862765124
2024-09-04,-34437.923791688976,-35710.03850056608,-33153.31347925682,-34437.923791688976,-34437.923791688976,-0.2931102100288601,-0.2931102100288601,-0.2931102100288601,-0.2931102100288601,-0.2931102100288601,-0.2931102100288601,0.0,0.0,0.0,-34438.216901899
2024-09-05,-34342.121738600625,-35558.88161844823,-33097.484152021025,-34342.121738600625,-34342.121738600625,-8.290372774603824,-8.290372774603824,-8.290372774603824,-8.290372774603824,-8.290372774603824,-8.290372774603824,0.0,0.0,0.0,-34350.412111375226
2024-09-06,-34246.31968551227,-35538.49076385336,-32898.11347266961,-34246.31968551227,-34246.31968551227,83.46607333676123,83.46607333676123,83.46607333676123,83.46607333676123,83.46607333676123,83.46607333676123,0.0,0.0,0.0,-34162.85361217551
2024-09-09,-33958.91352624723,-35135.433208321454,-32554.72944472145,-33958.91352624723,-33958.91352624723,147.59913396735067,147.59913396735067,147.59913396735067,147.59913396735067,147.59913396735067,147.59913396735067,0.0,0.0,0.0,-33811.31439227988
2024-09-10,-33863.111473158875,-35149.533657769956,-32550.894315891113,-33863.111473158875,-33863.111473158875,-25.748017987726314,-25.748017987726314,-25.748017987726314,-25.748017987726314,-25.748017987726314,-25.748017987726314,0.0,0.0,0.0,-33888.8594911466
2024-09-11,-33767.30942016657,-35019.225136606285,-32443.616153965755,-33767.30942016657,-33767.30942016657,-0.2931102093864197,-0.2931102093864197,-0.2931102093864197,-0.2931102093864197,-0.2931102093864197,-0.2931102093864197,0.0,0.0,0.0,-33767.60253037596
2024-09-12,-33671.507367174265,-35004.65881455692,-32460.150727131397,-33671.507367174265,-33671.507367174265,-8.290372775003108,-8.290372775003108,-8.290372775003108,-8.290372775003108,-8.290372775003108,-8.290372775003108,0.0,0.0,0.0,-33679.79773994927
2024-09-13,-33575.70531418196,-34666.735677848024,-32251.526987117104,-33575.70531418196,-33575.70531418196,83.46607333749814,83.46607333749814,83.46607333749814,83.46607333749814,83.46607333749814,83.46607333749814,0.0,0.0,0.0,-33492.239240844465
2024-09-14,-33479.903261189655,-34678.42361346676,-32028.237508545917,-33479.903261189655,-33479.903261189655,102.07758814156635,102.07758814156635,102.07758814156635,102.07758814156635,102.07758814156635,102.07758814156635,0.0,0.0,0.0,-33377.825673048086
2024-09-16,-33288.299155205044,-34577.79616170044,-31803.76451368671,-33288.299155205044,-33288.299155205044,147.5991339674573,147.5991339674573,147.5991339674573,147.5991339674573,147.5991339674573,147.5991339674573,0.0,0.0,0.0,-33140.700021237586
2024-09-17,-33192.497102212736,-34557.71119778975,-31909.05628574344,-33192.497102212736,-33192.497102212736,-25.74801798828958,-25.74801798828958,-25.74801798828958,-25.74801798828958,-25.74801798828958,-25.74801798828958,0.0,0.0,0.0,-33218.24512020103
2024-09-18,-33096.69504922044,-34456.42808774831,-31873.04513263898,-33096.69504922044,-33096.69504922044,-0.2931102092481183,-0.2931102092481183,-0.2931102092481183,-0.2931102092481183,-0.2931102092481183,-0.2931102092481183,0.0,0.0,0.0,-33096.98815942969
2024-09-19,-33054.60242627767,-34317.72654584238,-31760.35756450834,-33054.60242627767,-33054.60242627767,-8.29037277566306,-8.29037277566306,-8.29037277566306,-8.29037277566306,-8.29037277566306,-8.29037277566306,0.0,0.0,0.0,-33062.892799053334
2024-09-20,-33012.5098033349,-34184.203308868324,-31644.046277073052,-33012.5098033349,-33012.5098033349,83.46607333729892,83.46607333729892,83.46607333729892,83.46607333729892,83.46607333729892,83.46607333729892,0.0,0.0,0.0,-32929.0437299976
2024-09-23,-32886.23193450659,-33934.19579754691,-31493.266632549876,-32886.23193450659,-32886.23193450659,147.59913396669228,147.59913396669228,147.59913396669228,147.59913396669228,147.59913396669228,147.59913396669228,0.0,0.0,0.0,-32738.6328005399
2024-09-24,-32844.13931156382,-34204.23126675648,-31521.600683149813,-32844.13931156382,-32844.13931156382,-25.748017988852844,-25.748017988852844,-25.748017988852844,-25.748017988852844,-25.748017988852844,-25.748017988852844,0.0,0.0,0.0,-32869.88732955267
2024-09-25,-32802.04668862105,-34159.2257209757,-31538.591524912343,-32802.04668862105,-32802.04668862105,-0.29311020953816086,-0.29311020953816086,-0.29311020953816086,-0.29311020953816086,-0.29311020953816086,-0.29311020953816086,0.0,0.0,0.0,-32802.33979883059
2024-09-26,-32759.95406567828,-34044.36515043339,-31474.588454394518,-32759.95406567828,-32759.95406567828,-8.290372774249095,-8.290372774249095,-8.290372774249095,-8.290372774249095,-8.290372774249095,-8.290372774249095,0.0,0.0,0.0,-32768.24443845253
2024-09-27,-32717.86144273551,-33893.02557140555,-31327.440773929407,-32717.86144273551,-32717.86144273551,83.46607333709976,83.46607333709976,83.46607333709976,83.46607333709976,83.46607333709976,83.46607333709976,0.0,0.0,0.0,-32634.39536939841
2024-09-30,-32797.94676411153,-33974.68852950444,-31380.456796956027,-32797.94676411153,-32797.94676411153,147.59913396702567,147.59913396702567,147.59913396702567,147.59913396702567,147.59913396702567,147.59913396702567,0.0,0.0,0.0,-32650.347630144508
2024-10-01,-32824.641871236876,-34212.26402977761,-31531.510977031096,-32824.641871236876,-32824.641871236876,-25.74801798877281,-25.74801798877281,-25.74801798877281,-25.74801798877281,-25.74801798877281,-25.74801798877281,0.0,0.0,0.0,-32850.38988922565
2024-10-02,-32851.33697836222,-34255.82171382867,-31580.75212833913,-32851.33697836222,-32851.33697836222,-0.2931102098281945,-0.2931102098281945,-0.2931102098281945,-0.2931102098281945,-0.2931102098281945,-0.2931102098281945,0.0,0.0,0.0,-32851.63008857205
2024-10-03,-32878.03208548756,-34249.35592507953,-31663.34188223521,-32878.03208548756,-32878.03208548756,-8.290372774909047,-8.290372774909047,-8.290372774909047,-8.290372774909047,-8.290372774909047,-8.290372774909047,0.0,0.0,0.0,-32886.32245826247
2024-10-04,-32904.7271926129,-34115.97891627583,-31574.643184796892,-32904.7271926129,-32904.7271926129,83.466073336824,83.466073336824,83.466073336824,83.466073336824,83.466073336824,83.466073336824,0.0,0.0,0.0,-32821.26111927608
2024-10-07,-32984.81251398892,-34083.38919009958,-31683.14152239612,-32984.81251398892,-32984.81251398892,147.59913396690558,147.59913396690558,147.59913396690558,147.59913396690558,147.59913396690558,147.59913396690558,0.0,0.0,0.0,-32837.21338002202
2024-10-08,-33011.50762111427,-34328.9506652232,-31815.64028744499,-33011.50762111427,-33011.50762111427,-25.748017988692755,-25.748017988692755,-25.748017988692755,-25.748017988692755,-25.748017988692755,-25.748017988692755,0.0,0.0,0.0,-33037.255639102965
2024-10-09,-33038.202728239616,-34347.90051035291,-31806.089274137732,-33038.202728239616,-33038.202728239616,-0.2931102096899198,-0.2931102096899198,-0.2931102096899198,-0.2931102096899198,-0.2931102096899198,-0.2931102096899198,0.0,0.0,0.0,-33038.49583844931
2024-10-10,-33111.79539392533,-34405.928560490735,-31801.69919455729,-33111.79539392533,-33111.79539392533,-8.290372774532038,-8.290372774532038,-8.290372774532038,-8.290372774532038,-8.290372774532038,-8.290372774532038,0.0,0.0,0.0,-33120.085766699856
2024-10-11,-33185.38805961104,-34415.76185507064,-31816.346743830476,-33185.38805961104,-33185.38805961104,83.46607333756087,83.46607333756087,83.46607333756087,83.46607333756087,83.46607333756087,83.46607333756087,0.0,0.0,0.0,-33101.921986273475
2024-10-14,-33406.16605666818,-34565.34505859761,-31925.87355608268,-33406.16605666818,-33406.16605666818,147.599133967239,147.599133967239,147.599133967239,147.599133967239,147.599133967239,147.599133967239,0.0,0.0,0.0,-33258.56692270094
2024-10-15,-33479.758722353894,-34780.136528559706,-32209.51743216598,-33479.758722353894,-33479.758722353894,-25.748017988247014,-25.748017988247014,-25.748017988247014,-25.748017988247014,-25.748017988247014,-25.748017988247014,0.0,0.0,0.0,-33505.50674034214
2024-10-16,-33553.351388039606,-34769.49992526658,-32235.390611266077,-33553.351388039606,-33553.351388039606,-0.29311020997995346,-0.29311020997995346,-0.29311020997995346,-0.29311020997995346,-0.29311020997995346,-0.29311020997995346,0.0,0.0,0.0,-33553.64449824959
2024-10-17,-33626.94405372532,-34934.309870765705,-32393.60391764,-33626.94405372532,-33626.94405372532,-8.29037277519199,-8.29037277519199,-8.29037277519199,-8.29037277519199,-8.29037277519199,-8.29037277519199,0.0,0.0,0.0,-33635.23442650051
2024-10-18,-33700.53671941103,-34864.522962544324,-32283.973341130873,-33700.53671941103,-33700.53671941103,83.46607333642565,83.46607333642565,83.46607333642565,83.46607333642565,83.46607333642565,83.46607333642565,0.0,0.0,0.0,-33617.0706460746
2024-10-21,-34004.3513805239,-35076.804350450046,-32637.91121972734,-34004.3513805239,-34004.3513805239,147.59913396734567,147.59913396734567,147.59913396734567,147.59913396734567,147.59913396734567,147.59913396734567,0.0,0.0,0.0,-33856.75224655655
2024-10-22,-34105.62293422819,-35352.899817526486,-32767.43897617257,-34105.62293422819,-34105.62293422819,-25.74801798816698,-25.74801798816698,-25.74801798816698,-25.74801798816698,-25.74801798816698,-25.74801798816698,0.0,0.0,0.0,-34131.370952216355
2024-10-23,-34206.89448793247,-35488.1080881531,-32924.36415018256,-34206.89448793247,-34206.89448793247,-0.29311020933753074,-0.29311020933753074,-0.29311020933753074,-0.29311020933753074,-0.29311020933753074,-0.29311020933753074,0.0,0.0,0.0,-34207.187598141805
2024-10-24,-34308.16604163676,-35531.14032603899,-33023.599066150404,-34308.16604163676,-34308.16604163676,-8.290372774814985,-8.290372774814985,-8.290372774814985,-8.290372774814985,-8.290372774814985,-8.290372774814985,0.0,0.0,0.0,-34316.45641441157
2024-10-25,-34409.43759534105,-35625.74691899015,-33111.36057491527,-34409.43759534105,-34409.43759534105,83.46607333716253,83.46607333716253,83.46607333716253,83.46607333716253,83.46607333716253,83.46607333716253,0.0,0.0,0.0,-34325.971522003885
2024-10-28,-34713.25225645392,-35906.97312100677,-33321.81085308232,-34713.25225645392,-34713.25225645392,147.59913396767902,147.59913396767902,147.59913396767902,147.59913396767902,147.59913396767902,147.59913396767902,0.0,0.0,0.0,-34565.65312248624
2024-10-29,-34814.52381015821,-36073.01768134212,-33536.236301845514,-34814.52381015821,-34814.52381015821,-25.74801798808696,-25.74801798808696,-25.74801798808696,-25.74801798808696,-25.74801798808696,-25.74801798808696,0.0,0.0,0.0,-34840.271828146295
2024-10-30,-34915.7953649895,-36196.340644992466,-33546.98260661762,-34915.7953649895,-34915.7953649895,-0.29311021056003855,-0.29311021056003855,-0.29311021056003855,-0.29311021056003855,-0.29311021056003855,-0.29311021056003855,0.0,0.0,0.0,-34916.08847520006
2024-10-31,-35017.06691982078,-36327.174371471476,-33772.5143763101,-35017.06691982078,-35017.06691982078,-8.290372775214266,-8.290372775214266,-8.290372775214266,-8.290372775214266,-8.290372775214266,-8.290372775214266,0.0,0.0,0.0,-35025.357292595996
2024-11-01,-35118.338474652075,-36279.95882632333,-33646.80393176397,-35118.338474652075,-35118.338474652075,83.46607333696335,83.46607333696335,83.46607333696335,83.46607333696335,83.46607333696335,83.46607333696335,0.0,0.0,0.0,-35034.872401315115
2024-11-04,-35422.15313914594,-36582.782235535655,-33991.632349046246,-35422.15313914594,-35422.15313914594,147.59913396778566,147.59913396778566,147.59913396778566,147.59913396778566,147.59913396778566,147.59913396778566,0.0,0.0,0.0,-35274.55400517816
2024-11-05,-35523.42469397723,-36885.03716664804,-34181.1658183901,-35523.42469397723,-35523.42469397723,-25.748017988284506,-25.748017988284506,-25.748017988284506,-25.748017988284506,-25.748017988284506,-25.748017988284506,0.0,0.0,0.0,-35549.17271196551
2024-11-06,-35624.69624880851,-36949.42802692352,-34324.39786096624,-35624.69624880851,-35624.69624880851,-0.2931102099176158,-0.2931102099176158,-0.2931102099176158,-0.2931102099176158,-0.2931102099176158,-0.2931102099176158,0.0,0.0,0.0,-35624.98935901843
2024-11-07,-35725.9678036398,-37063.58163330427,-34428.90887234698,-35725.9678036398,-35725.9678036398,-8.29037277483726,-8.29037277483726,-8.29037277483726,-8.29037277483726,-8.29037277483726,-8.29037277483726,0.0,0.0,0.0,-35734.25817641464
2024-11-08,-35827.239358471095,-37041.961431399366,-34495.91816823969,-35827.239358471095,-35827.239358471095,83.4660733366876,83.4660733366876,83.4660733366876,83.4660733366876,83.4660733366876,83.4660733366876,0.0,0.0,0.0,-35743.773285134404
2024-11-11,-36131.054024693236,-37277.103458006415,-34684.92530899997,-36131.054024693236,-36131.054024693236,147.59913396702072,147.59913396702072,147.59913396702072,147.59913396702072,147.59913396702072,147.59913396702072,0.0,0.0,0.0,-35983.454890726214
2024-11-12,-36232.32558010062,-37554.847122290594,-34978.44056198192,-36232.32558010062,-36232.32558010062,-25.74801798756117,-25.74801798756117,-25.74801798756117,-25.74801798756117,-25.74801798756117,-25.74801798756117,0.0,0.0,0.0,-36258.07359808819
2024-11-13,-36333.597135508004,-37597.03477826745,-35083.27480783506,-36333.597135508004,-36333.597135508004,-0.2931102092751842,-0.2931102092751842,-0.2931102092751842,-0.2931102092751842,-0.2931102092751842,-0.2931102092751842,0.0,0.0,0.0,-36333.89024571728
2024-11-14,-36434.86869091539,-37633.352851085365,-35313.151521187305,-36434.86869091539,-36434.86869091539,-8.290372775497213,-8.290372775497213,-8.290372775497213,-8.290372775497213,-8.290372775497213,-8.290372775497213,0.0,0.0,0.0,-36443.15906369089
2024-11-18,-36839.95491254492,-37948.89806304295,-35354.918376133595,-36839.95491254492,-36839.95491254492,147.59913396712733,147.59913396712733,147.59913396712733,147.59913396712733,147.59913396712733,147.59913396712733,0.0,0.0,0.0,-36692.35577857779
2024-11-19,-36941.22646795231,-38155.13325466417,-35741.57670215974,-36941.22646795231,-36941.22646795231,-25.748017988124417,-25.748017988124417,-25.748017988124417,-25.748017988124417,-25.748017988124417,-25.748017988124417,0.0,0.0,0.0,-36966.97448594043
2024-11-21,-37143.76957876706,-38327.97896183701,-35950.119911775866,-37143.76957876706,-37143.76957876706,-8.290372774083247,-8.290372774083247,-8.290372774083247,-8.290372774083247,-8.290372774083247,-8.290372774083247,0.0,0.0,0.0,-37152.059951541145
2024-11-22,-37231.44398967909,-38476.80864036262,-35842.51827480744,-37231.44398967909,-37231.44398967909,83.46607333628921,83.46607333628921,83.46607333628921,83.46607333628921,83.46607333628921,83.46607333628921,0.0,0.0,0.0,-37147.977916342796
2024-11-25,-37494.46722241517,-38573.58235002114,-36076.0197827651,-37494.46722241517,-37494.46722241517,147.599133967234,147.599133967234,147.599133967234,147.599133967234,147.599133967234,147.599133967234,0.0,0.0,0.0,-37346.86808844794
2024-11-26,-37582.14163332719,-38885.419968272035,-36374.35448210216,-37582.14163332719,-37582.14163332719,-25.748017988044364,-25.748017988044364,-25.748017988044364,-25.748017988044364,-25.748017988044364,-25.748017988044364,0.0,0.0,0.0,-37607.889651315236
2024-11-27,-37669.816044239225,-38919.12549070195,-36398.761774592174,-37669.816044239225,-37669.816044239225,-0.29311020849444236,-0.29311020849444236,-0.29311020849444236,-0.29311020849444236,-0.29311020849444236,-0.29311020849444236,0.0,0.0,0.0,-37670.10915444772
2024-11-28,-37757.49045515125,-39076.45553354029,-36468.99841043083,-37757.49045515125,-37757.49045515125,-8.290372774743197,-8.290372774743197,-8.290372774743197,-8.290372774743197,-8.290372774743197,-8.290372774743197,0.0,0.0,0.0,-37765.78082792599
2024-11-29,-37845.16486606327,-39072.22481996621,-36478.26911495108,-37845.16486606327,-37845.16486606327,83.46607333609006,83.46607333609006,83.46607333609006,83.46607333609006,83.46607333609006,83.46607333609006,0.0,0.0,0.0,-37761.698792727184
2024-11-30,-37932.839276975305,-39103.36340531147,-36461.71900089827,-37932.839276975305,-37932.839276975305,102.07758814124685,102.07758814124685,102.07758814124685,102.07758814124685,102.07758814124685,102.07758814124685,0.0,0.0,0.0,-37830.761688834056
2024-12-02,-38037.803699796255,-39127.977389852014,-36570.4702322057,-38037.803699796255,-38037.803699796255,147.59913396646897,147.59913396646897,147.59913396646897,147.59913396646897,147.59913396646897,147.59913396646897,0.0,0.0,0.0,-37890.20456582979
2024-12-03,-38090.28591120674,-39312.249674348095,-36796.32690341638,-38090.28591120674,-38090.28591120674,-25.748017987964364,-25.748017987964364,-25.748017987964364,-25.748017987964364,-25.748017987964364,-25.748017987964364,0.0,0.0,0.0,-38116.0339291947
2024-12-04,-38142.76812261721,-39427.50678451883,-36857.382984988915,-38142.76812261721,-38142.76812261721,-0.29311020971695906,-0.29311020971695906,-0.29311020971695906,-0.29311020971695906,-0.29311020971695906,-0.29311020971695906,0.0,0.0,0.0,-38143.06123282693
2024-12-05,-38195.250334027696,-39471.72161945405,-36890.37037532653,-38195.250334027696,-38195.250334027696,-8.290372774105524,-8.290372774105524,-8.290372774105524,-8.290372774105524,-8.290372774105524,-8.290372774105524,0.0,0.0,0.0,-38203.5407068018
2024-12-06,-38247.73254543817,-39473.94022171733,-36802.752265583986,-38247.73254543817,-38247.73254543817,83.4660733368269,83.4660733368269,83.4660733368269,83.4660733368269,83.4660733368269,83.4660733368269,0.0,0.0,0.0,-38164.26647210134
2024-12-09,-38405.179179669605,-39464.19705734801,-37087.99068966255,-38405.179179669605,-38405.179179669605,147.59913396680236,147.59913396680236,147.59913396680236,147.59913396680236,147.59913396680236,147.59913396680236,0.0,0.0,0.0,-38257.5800457028
2024-12-10,-38457.66139108009,-39769.04139199066,-37114.206567897265,-38457.66139108009,-38457.66139108009,-25.748017987884293,-25.748017987884293,-25.748017987884293,-25.748017987884293,-25.748017987884293,-25.748017987884293,0.0,0.0,0.0,-38483.40940906797
2024-12-11,-38510.14360249056,-39817.269193317734,-37304.34318717446,-38510.14360249056,-38510.14360249056,-0.29311020907452745,-0.29311020907452745,-0.29311020907452745,-0.29311020907452745,-0.29311020907452745,-0.29311020907452745,0.0,0.0,0.0,-38510.43671269964
2024-12-12,-38531.12877698154,-39840.23645510715,-37355.81637396771,-38531.12877698154,-38531.12877698154,-8.290372774765475,-8.290372774765475,-8.290372774765475,-8.290372774765475,-8.290372774765475,-8.290372774765475,0.0,0.0,0.0,-38539.41914975631
2024-12-13,-38552.11395147251,-39694.449675574295,-37199.574477475195,-38552.11395147251,-38552.11395147251,83.46607333655119,83.46607333655119,83.46607333655119,83.46607333655119,83.46607333655119,83.46607333655119,0.0,0.0,0.0,-38468.647878135955
2024-12-14,-38573.09912596348,-39712.750429935324,-37216.58130356163,-38573.09912596348,-38573.09912596348,102.0775881411657,102.0775881411657,102.0775881411657,102.0775881411657,102.0775881411657,102.0775881411657,0.0,0.0,0.0,-38471.021537822315
2024-12-16,-38615.06947494543,-39769.366935206526,-37186.81349846367,-38615.06947494543,-38615.06947494543,147.5991339666823,147.5991339666823,147.5991339666823,147.5991339666823,147.5991339666823,147.5991339666823,0.0,0.0,0.0,-38467.47034097875
2024-12-17,-38636.0546494364,-39986.871794097424,-37338.2446182344,-38636.0546494364,-38636.0546494364,-25.748017988447558,-25.748017988447558,-25.748017988447558,-25.748017988447558,-25.748017988447558,-25.748017988447558,0.0,0.0,0.0,-38661.80266742485
2024-12-18,-38657.03982392738,-39973.24694517842,-37374.76204813713,-38657.03982392738,-38657.03982392738,-0.29311020936459664,-0.29311020936459664,-0.29311020936459664,-0.29311020936459664,-0.29311020936459664,-0.29311020936459664,0.0,0.0,0.0,-38657.33293413674
2024-12-19,-38678.02499841835,-40017.07606987543,-37333.29454582205,-38678.02499841835,-38678.02499841835,-8.290372775425425,-8.290372775425425,-8.290372775425425,-8.290372775425425,-8.290372775425425,-8.290372775425425,0.0,0.0,0.0,-38686.31537119377
2024-12-20,-38684.72957406103,-39915.904441078914,-37336.21450592203,-38684.72957406103,-38684.72957406103,83.46607333728807,83.46607333728807,83.46607333728807,83.46607333728807,83.46607333728807,83.46607333728807,0.0,0.0,0.0,-38601.26350072374
2024-12-23,-38704.84330098905,-39843.630107188525,-37191.920110792504,-38704.84330098905,-38704.84330098905,147.5991339670157,147.5991339670157,147.5991339670157,147.5991339670157,147.5991339670157,147.5991339670157,0.0,0.0,0.0,-38557.244167022036
2024-12-24,-38711.54787663173,-40066.11428223629,-37470.619746863544,-38711.54787663173,-38711.54787663173,-25.748017988001816,-25.748017988001816,-25.748017988001816,-25.748017988001816,-25.748017988001816,-25.748017988001816,0.0,0.0,0.0,-38737.29589461973
2024-12-26,-38724.95702791708,-39942.04910377236,-37417.76252397884,-38724.95702791708,-38724.95702791708,-8.29037277401146,-8.29037277401146,-8.29037277401146,-8.29037277401146,-8.29037277401146,-8.29037277401146,0.0,0.0,0.0,-38733.24740069109
2024-12-27,-38731.66160355976,-39996.47515897716,-37386.85652894481,-38731.66160355976,-38731.66160355976,83.4660733361528,83.4660733361528,83.4660733361528,83.4660733361528,83.4660733361528,83.4660733361528,0.0,0.0,0.0,-38648.19553022361
2024-12-30,-38751.77533048779,-39847.69406639661,-37287.783188736306,-38751.77533048779,-38751.77533048779,147.59913396734908,147.59913396734908,147.59913396734908,147.59913396734908,147.59913396734908,147.59913396734908,0.0,0.0,0.0,-38604.17619652044
2024-12-31,-38758.479906130466,-40041.669051950594,-37534.97907733746,-38758.479906130466,-38758.479906130466,-25.74801798856508,-25.74801798856508,-25.74801798856508,-25.74801798856508,-25.74801798856508,-25.74801798856508,0.0,0.0,0.0,-38784.22792411903
2025-01-02,-38771.88905741582,-40059.04458555827,-37517.695472868574,-38771.88905741582,-38771.88905741582,-8.290372774671413,-8.290372774671413,-8.290372774671413,-8.290372774671413,-8.290372774671413,-8.290372774671413,0.0,0.0,0.0,-38780.179430190496
2025-01-03,-38778.59362456012,-39947.40010241295,-37421.42060012738,-38778.59362456012,-38778.59362456012,83.46607333688968,83.46607333688968,83.46607333688968,83.46607333688968,83.46607333688968,83.46607333688968,0.0,0.0,0.0,-38695.12755122323
2025-01-06,-38798.70732599301,-39831.281020466384,-37322.4019398206,-38798.70732599301,-38798.70732599301,147.59913396722902,147.59913396722902,147.59913396722902,147.59913396722902,147.59913396722902,147.59913396722902,0.0,0.0,0.0,-38651.108192025786
2025-01-07,-38805.4118931373,-40173.48303952777,-37666.71686399843,-38805.4118931373,-38805.4118931373,-25.748017987841745,-25.748017987841745,-25.748017987841745,-25.748017987841745,-25.748017987841745,-25.748017987841745,0.0,0.0,0.0,-38831.15991112514
2025-01-08,-38812.1164602816,-40060.51867149454,-37516.12484239329,-38812.1164602816,-38812.1164602816,-0.2931102098063715,-0.2931102098063715,-0.2931102098063715,-0.2931102098063715,-0.2931102098063715,-0.2931102098063715,0.0,0.0,0.0,-38812.40957049141
2025-01-09,-38818.821027425896,-40064.2923678111,-37511.77056584455,-38818.821027425896,-38818.821027425896,-8.290372775070695,-8.290372775070695,-8.290372775070695,-8.290372775070695,-8.290372775070695,-8.290372775070695,0.0,0.0,0.0,-38827.11140020096
2025-01-10,-38825.525594570194,-40015.957257812974,-37408.924697838636,-38825.525594570194,-38825.525594570194,83.46607333762655,83.46607333762655,83.46607333762655,83.46607333762655,83.46607333762655,83.46607333762655,0.0,0.0,0.0,-38742.059521232564
2025-01-13,-38845.63929600308,-39909.31230361179,-37352.3152792461,-38845.63929600308,-38845.63929600308,147.59913396756244,147.59913396756244,147.59913396756244,147.59913396756244,147.59913396756244,147.59913396756244,0.0,0.0,0.0,-38698.04016203552
2025-01-14,-38833.55735462416,-40081.15149756912,-37504.51797312831,-38833.55735462416,-38833.55735462416,-25.74801798840501,-25.74801798840501,-25.74801798840501,-25.74801798840501,-25.74801798840501,-25.74801798840501,0.0,0.0,0.0,-38859.305372612565
2025-01-15,-38821.47541324523,-40097.00879107878,-37490.33380604112,-38821.47541324523,-38821.47541324523,-0.29311021009640514,-0.29311021009640514,-0.29311021009640514,-0.29311021009640514,-0.29311021009640514,-0.29311021009640514,0.0,0.0,0.0,-38821.76852345533
2025-01-16,-38809.39347186631,-40061.015301205276,-37558.754071063995,-38809.39347186631,-38809.39347186631,-8.290372775730647,-8.290372775730647,-8.290372775730647,-8.290372775730647,-8.290372775730647,-8.290372775730647,0.0,0.0,0.0,-38817.68384464204
2025-01-17,-38797.311530487386,-39960.06946386981,-37428.45652878878,-38797.311530487386,-38797.311530487386,83.46607333649133,83.46607333649133,83.46607333649133,83.46607333649133,83.46607333649133,83.46607333649133,0.0,0.0,0.0,-38713.84545715089
2025-01-20,-38761.065706350615,-39923.46436306967,-37230.81134316007,-38761.065706350615,-38761.065706350615,147.59913396679738,147.59913396679738,147.59913396679738,147.59913396679738,147.59913396679738,147.59913396679738,0.0,0.0,0.0,-38613.46657238382
2025-01-21,-38748.983764971694,-40006.752949790876,-37560.40291465426,-38748.983764971694,-38748.983764971694,-25.748017988968257,-25.748017988968257,-25.748017988968257,-25.748017988968257,-25.748017988968257,-25.748017988968257,0.0,0.0,0.0,-38774.73178296066
2025-01-22,-38736.90182359277,-40062.79441017022,-37359.30135908669,-38736.90182359277,-38736.90182359277,-0.2931102094539824,-0.2931102094539824,-0.2931102094539824,-0.2931102094539824,-0.2931102094539824,-0.2931102094539824,0.0,0.0,0.0,-38737.194933802224
2025-01-23,-38703.57035416741,-40003.15997071516,-37431.183941741045,-38703.57035416741,-38703.57035416741,-8.29037277535364,-8.29037277535364,-8.29037277535364,-8.29037277535364,-8.29037277535364,-8.29037277535364,0.0,0.0,0.0,-38711.86072694276
2025-01-24,-38670.23888474205,-39934.651737819826,-37298.388678592,-38670.23888474205,-38670.23888474205,83.46607333722821,83.46607333722821,83.46607333722821,83.46607333722821,83.46607333722821,83.46607333722821,0.0,0.0,0.0,-38586.77281140482
2025-01-27,-38570.24447646596,-39682.07731840362,-37126.184345842994,-38570.24447646596,-38570.24447646596,147.59913396713077,147.59913396713077,147.59913396713077,147.59913396713077,147.59913396713077,147.59913396713077,0.0,0.0,0.0,-38422.64534249883
2025-01-28,-38536.913007040595,-39807.13003972807,-37303.19445540632,-38536.913007040595,-38536.913007040595,-25.74801798824492,-25.74801798824492,-25.74801798824492,-25.74801798824492,-25.74801798824492,-25.74801798824492,0.0,0.0,0.0,-38562.66102502884
2025-01-29,-38503.58153761523,-39824.45376883539,-37316.25674048789,-38503.58153761523,-38503.58153761523,-0.2931102106764991,-0.2931102106764991,-0.2931102106764991,-0.2931102106764991,-0.2931102106764991,-0.2931102106764991,0.0,0.0,0.0,-38503.874647825905
2025-01-30,-38470.250068189875,-39705.90541519494,-37337.44693392579,-38470.250068189875,-38470.250068189875,-8.290372774976634,-8.290372774976634,-8.290372774976634,-8.290372774976634,-8.290372774976634,-8.290372774976634,0.0,0.0,0.0,-38478.540440964854
2025-01-31,-38436.91859876451,-39721.8461283281,-37043.25222447148,-38436.91859876451,-38436.91859876451,83.46607333695242,83.46607333695242,83.46607333695242,83.46607333695242,83.46607333695242,83.46607333695242,0.0,0.0,0.0,-38353.45252542756
2025-02-03,-38336.92419048842,-39447.33176016549,-36855.54480354967,-38336.92419048842,-38336.92419048842,147.59913396723744,147.59913396723744,147.59913396723744,147.59913396723744,147.59913396723744,147.59913396723744,0.0,0.0,0.0,-38189.32505652118
2025-02-04,-38292.562494831785,-39584.303655959426,-37109.4529706637,-38292.562494831785,-38292.562494831785,-25.748017988442502,-25.748017988442502,-25.748017988442502,-25.748017988442502,-25.748017988442502,-25.748017988442502,0.0,0.0,0.0,-38318.31051282023
2025-02-05,-38248.20079917516,-39472.21668777447,-36916.6527242699,-38248.20079917516,-38248.20079917516,-0.2931102096057325,-0.2931102096057325,-0.2931102096057325,-0.2931102096057325,-0.2931102096057325,-0.2931102096057325,0.0,0.0,0.0,-38248.493909384764
2025-02-06,-38203.83910351853,-39555.84755293051,-36901.57918336752,-38203.83910351853,-38203.83910351853,-8.290372774599627,-8.290372774599627,-8.290372774599627,-8.290372774599627,-8.290372774599627,-8.290372774599627,0.0,0.0,0.0,-38212.12947629313
2025-02-07,-38159.47740786189,-39361.36022559504,-36834.3476540897,-38159.47740786189,-38159.47740786189,83.46607333768932,83.46607333768932,83.46607333768932,83.46607333768932,83.46607333768932,83.46607333768932,0.0,0.0,0.0,-38076.0113345242
2025-02-10,-38026.392320891995,-39237.51342883029,-36744.09881742351,-38026.392320891995,-38026.392320891995,147.59913396734407,147.59913396734407,147.59913396734407,147.59913396734407,147.59913396734407,147.59913396734407,0.0,0.0,0.0,-37878.79318692465
2025-02-11,-37982.03062523536,-39308.192409295436,-36750.45553538023,-37982.03062523536,-37982.03062523536,-25.748017987719127,-25.748017987719127,-25.748017987719127,-25.748017987719127,-25.748017987719127,-25.748017987719127,0.0,0.0,0.0,-38007.77864322308
2025-02-12,-37937.66892957872,-39233.74128213034,-36649.43620338652,-37937.66892957872,-37937.66892957872,-0.293110209895775,-0.293110209895775,-0.293110209895775,-0.293110209895775,-0.293110209895775,-0.293110209895775,0.0,0.0,0.0,-37937.96203978862
2025-02-13,-37890.109006997634,-39198.02612293763,-36584.32353661555,-37890.109006997634,-37890.109006997634,-8.290372775259579,-8.290372775259579,-8.290372775259579,-8.290372775259579,-8.290372775259579,-8.290372775259579,0.0,0.0,0.0,-37898.39937977289
2025-02-14,-37842.54908441654,-39102.125468777376,-36522.69186518434,-37842.54908441654,-37842.54908441654,83.46607333749014,83.46607333749014,83.46607333749014,83.46607333749014,83.46607333749014,83.46607333749014,0.0,0.0,0.0,-37759.08301107905
2025-02-15,-37794.98916183545,-38943.60295482063,-36464.53291714175,-37794.98916183545,-37794.98916183545,102.07758814092742,102.07758814092742,102.07758814092742,102.07758814092742,102.07758814092742,102.07758814092742,0.0,0.0,0.0,-37692.911573694524
2025-02-17,-37699.86931667327,-38905.32899713077,-36259.44489441522,-37699.86931667327,-37699.86931667327,147.59913396745077,147.59913396745077,147.59913396745077,147.59913396745077,147.59913396745077,147.59913396745077,0.0,0.0,0.0,-37552.27018270582
2025-02-18,-37652.30939409218,-38955.508872831706,-36460.45366903559,-37652.30939409218,-37652.30939409218,-25.748017988282427,-25.748017988282427,-25.748017988282427,-25.748017988282427,-25.748017988282427,-25.748017988282427,0.0,0.0,0.0,-37678.05741208047
2025-02-19,-37604.74947151109,-38864.65465752493,-36318.677381620175,-37604.74947151109,-37604.74947151109,-0.2931102092533523,-0.2931102092533523,-0.2931102092533523,-0.2931102092533523,-0.2931102092533523,-0.2931102092533523,0.0,0.0,0.0,-37605.04258172034
2025-02-20,-37557.18954893,-38841.09389095161,-36267.15921866523,-37557.18954893,-37557.18954893,-8.290372773845615,-8.290372773845615,-8.290372773845615,-8.290372773845615,-8.290372773845615,-8.290372773845615,0.0,0.0,0.0,-37565.479921703845
2025-02-21,-37509.62962634891,-38723.708753923034,-36134.06572342547,-37509.62962634891,-37509.62962634891,83.46607333627831,83.46607333627831,83.46607333627831,83.46607333627831,83.46607333627831,83.46607333627831,0.0,0.0,0.0,-37426.16355301264
2025-02-24,-37366.94985860564,-38575.43087941533,-35919.596030355926,-37366.94985860564,-37366.94985860564,147.59913396778416,147.59913396778416,147.59913396778416,147.59913396778416,147.59913396778416,147.59913396778416,0.0,0.0,0.0,-37219.35072463786
2025-02-25,-37319.38993602454,-38527.78082021209,-36030.43902727489,-37319.38993602454,-37319.38993602454,-25.748017988202356,-25.748017988202356,-25.748017988202356,-25.748017988202356,-25.748017988202356,-25.748017988202356,0.0,0.0,0.0,-37345.137954012745
2025-02-26,-37271.83001344346,-38589.10632699327,-36003.39616646992,-37271.83001344346,-37271.83001344346,-0.2931102086109207,-0.2931102086109207,-0.2931102086109207,-0.2931102086109207,-0.2931102086109207,-0.2931102086109207,0.0,0.0,0.0,-37272.12312365207
2025-02-27,-37224.27009086237,-38537.62563735307,-36020.73263266863,-37224.27009086237,-37224.27009086237,-8.290372775281854,-8.290372775281854,-8.290372775281854,-8.290372775281854,-8.290372775281854,-8.290372775281854,0.0,0.0,0.0,-37232.560463637645
2025-02-28,-37176.71016828127,-38423.59035616191,-35696.04363779858,-37176.71016828127,-37176.71016828127,83.46607333607916,83.46607333607916,83.46607333607916,83.46607333607916,83.46607333607916,83.46607333607916,0.0,0.0,0.0,-37093.24409494519
2025-03-05,-36938.91055537582,-38207.64573554579,-35717.94455345623,-36938.91055537582,-36938.91055537582,-0.2931102098334374,-0.2931102098334374,-0.2931102098334374,-0.2931102098334374,-0.2931102098334374,-0.2931102098334374,0.0,0.0,0.0,-36939.20366558565
2025-03-06,-36891.35063279473,-38180.44269235312,-35664.51261164759,-36891.35063279473,-36891.35063279473,-8.29037277490485,-8.29037277490485,-8.29037277490485,-8.29037277490485,-8.29037277490485,-8.29037277490485,0.0,0.0,0.0,-36899.64100556964
2025-03-07,-36843.79071021364,-38056.104810254066,-35391.611252730014,-36843.79071021364,-36843.79071021364,83.46607333681605,83.46607333681605,83.46607333681605,83.46607333681605,83.46607333681605,83.46607333681605,0.0,0.0,0.0,-36760.32463687682
2025-03-10,-36701.11094247037,-37823.68582034726,-35302.19903585079,-36701.11094247037,-36701.11094247037,147.59913396712577,147.59913396712577,147.59913396712577,147.59913396712577,147.59913396712577,147.59913396712577,0.0,0.0,0.0,-36553.511808503245
2025-03-11,-36653.55101988928,-37994.3091926169,-35356.46302427024,-36653.55101988928,-36653.55101988928,-25.7480179876766,-25.7480179876766,-25.7480179876766,-25.7480179876766,-25.7480179876766,-25.7480179876766,0.0,0.0,0.0,-36679.29903787696
2025-03-12,-36605.99109730819,-38023.94569430907,-35365.66499988994,-36605.99109730819,-36605.99109730819,-0.2931102091909969,-0.2931102091909969,-0.2931102091909969,-0.2931102091909969,-0.2931102091909969,-0.2931102091909969,0.0,0.0,0.0,-36606.28420751738
2025-03-13,-36558.4311747271,-37880.12139772126,-35322.686103031076,-36558.4311747271,-36558.4311747271,-8.2903727755648,-8.2903727755648,-8.2903727755648,-8.2903727755648,-8.2903727755648,-8.2903727755648,0.0,0.0,0.0,-36566.72154750266
2025-03-14,-36510.87125214601,-37650.4792358523,-35204.092977569526,-36510.87125214601,-36510.87125214601,83.46607333661687,83.46607333661687,83.46607333661687,83.46607333661687,83.46607333661687,83.46607333661687,0.0,0.0,0.0,-36427.40517880939
2025-03-15,-36463.31132956492,-37689.44445701584,-35147.86369357862,-36463.31132956492,-36463.31132956492,102.07758814180322,102.07758814180322,102.07758814180322,102.07758814180322,102.07758814180322,102.07758814180322,0.0,0.0,0.0,-36361.233741423115
2025-03-17,-36368.191484402734,-37459.713340143026,-34947.48170221003,-36368.191484402734,-36368.191484402734,147.59913396700574,147.59913396700574,147.59913396700574,147.59913396700574,147.59913396700574,147.59913396700574,0.0,0.0,0.0,-36220.59235043573
2025-03-18,-36320.63156182165,-37572.624317272,-35080.653579065925,-36320.63156182165,-36320.63156182165,-25.748017988239848,-25.748017988239848,-25.748017988239848,-25.748017988239848,-25.748017988239848,-25.748017988239848,0.0,0.0,0.0,-36346.37957980989
2025-03-19,-36273.07163924055,-37562.492889022564,-35009.40594569583,-36273.07163924055,-36273.07163924055,-0.2931102094810572,-0.2931102094810572,-0.2931102094810572,-0.2931102094810572,-0.2931102094810572,-0.2931102094810572,0.0,0.0,0.0,-36273.36474945003
2025-03-20,-36225.511716659465,-37507.64949946151,-34833.78487929674,-36225.511716659465,-36225.511716659465,-8.290372774927125,-8.290372774927125,-8.290372774927125,-8.290372774927125,-8.290372774927125,-8.290372774927125,0.0,0.0,0.0,-36233.80208943439
2025-03-21,-36177.95179407838,-37438.21976877898,-34824.782193686435,-36177.95179407838,-36177.95179407838,83.46607333735373,83.46607333735373,83.46607333735373,83.46607333735373,83.46607333735373,83.46607333735373,0.0,0.0,0.0,-36094.485720741024
2025-03-24,-36035.27202633511,-37149.67791611964,-34619.07096183882,-36035.27202633511,-36035.27202633511,147.59913396733913,147.59913396733913,147.59913396733913,147.59913396733913,147.59913396733913,147.59913396733913,0.0,0.0,0.0,-35887.672892367766
2025-03-25,-35987.71210375401,-37293.9054610784,-34740.13273872483,-35987.71210375401,-35987.71210375401,-25.74801798815983,-25.74801798815983,-25.74801798815983,-25.74801798815983,-25.74801798815983,-25.74801798815983,0.0,0.0,0.0,-36013.46012174217
2025-03-26,-35940.152181172925,-37241.30218222678,-34674.11846081406,-35940.152181172925,-35940.152181172925,-0.29311020934272924,-0.29311020934272924,-0.29311020934272924,-0.29311020934272924,-0.29311020934272924,-0.29311020934272924,0.0,0.0,0.0,-35940.44529138227
2025-03-27,-35892.59225859183,-37188.32598054685,-34565.451276117186,-35892.59225859183,-35892.59225859183,-8.290372774550118,-8.290372774550118,-8.290372774550118,-8.290372774550118,-8.290372774550118,-8.290372774550118,0.0,0.0,0.0,-35900.88263136638
2025-03-28,-35845.03233601074,-36958.22227594957,-34471.28410270996,-35845.03233601074,-35845.03233601074,83.46607333621849,83.46607333621849,83.46607333621849,83.46607333621849,83.46607333621849,83.46607333621849,0.0,0.0,0.0,-35761.566262674525
2025-03-31,-35702.35256826747,-36840.095726063715,-34381.20282235014,-35702.35256826747,-35702.35256826747,147.59913396657413,147.59913396657413,147.59913396657413,147.59913396657413,147.59913396657413,147.59913396657413,0.0,0.0,0.0,-35554.7534343009
2025-04-01,-35654.79264568638,-36923.34620006428,-34477.19213012915,-35654.79264568638,-35654.79264568638,-25.748017988723078,-25.748017988723078,-25.748017988723078,-25.748017988723078,-25.748017988723078,-25.748017988723078,0.0,0.0,0.0,-35680.5406636751
2025-04-02,-35607.232723105284,-36967.87254258812,-34346.77079865588,-35607.232723105284,-35607.232723105284,-0.2931102096327895,-0.2931102096327895,-0.2931102096327895,-0.2931102096327895,-0.2931102096327895,-0.2931102096327895,0.0,0.0,0.0,-35607.52583331492
2025-04-03,-35559.672800524204,-36818.4324978577,-34303.450330650936,-35559.672800524204,-35559.672800524204,-8.290372774173111,-8.290372774173111,-8.290372774173111,-8.290372774173111,-8.290372774173111,-8.290372774173111,0.0,0.0,0.0,-35567.963173298376
2025-04-04,-35512.1128779431,-36693.53921090871,-34187.55851208161,-35512.1128779431,-35512.1128779431,83.46607333695536,83.46607333695536,83.46607333695536,83.46607333695536,83.46607333695536,83.46607333695536,0.0,0.0,0.0,-35428.64680460615
2025-04-07,-35369.43311019983,-36418.9305143831,-33991.21805527523,-35369.43311019983,-35369.43311019983,147.5991339666808,147.5991339666808,147.5991339666808,147.5991339666808,147.5991339666808,147.5991339666808,0.0,0.0,0.0,-35221.83397623315
2025-04-08,-35321.873187618745,-36662.79015088093,-34082.511697438,-35321.873187618745,-35321.873187618745,-25.74801798799974,-25.74801798799974,-25.74801798799974,-25.74801798799974,-25.74801798799974,-25.74801798799974,0.0,0.0,0.0,-35347.621205606745
2025-04-09,-35274.31326503766,-36495.165578999135,-34002.67120651585,-35274.31326503766,-35274.31326503766,-0.29311020899034906,-0.29311020899034906,-0.29311020899034906,-0.29311020899034906,-0.29311020899034906,-0.29311020899034906,0.0,0.0,0.0,-35274.60637524665
2025-04-10,-35226.75334245656,-36539.767616445606,-33964.498430644446,-35226.75334245656,-35226.75334245656,-8.290372774833063,-8.290372774833063,-8.290372774833063,-8.290372774833063,-8.290372774833063,-8.290372774833063,0.0,0.0,0.0,-35235.0437152314
2025-04-11,-35179.193419875475,-36326.17947672017,-33797.584882022165,-35179.193419875475,-35179.193419875475,83.46607333667961,83.46607333667961,83.46607333667961,83.46607333667961,83.46607333667961,83.46607333667961,0.0,0.0,0.0,-35095.7273465388
2025-04-14,-35036.5136521322,-36151.20249375725,-33676.12320088901,-35036.5136521322,-35036.5136521322,147.59913396678746,147.59913396678746,147.59913396678746,147.59913396678746,147.59913396678746,147.59913396678746,0.0,0.0,0.0,-34888.91451816541
2025-04-15,-34988.95372955111,-36255.05913538383,-33718.45309210475,-34988.95372955111,-34988.95372955111,-25.74801798856299,-25.74801798856299,-25.74801798856299,-25.74801798856299,-25.74801798856299,-25.74801798856299,0.0,0.0,0.0,-35014.70174753967
2025-04-16,-34941.39380697002,-36290.181542330785,-33565.59851893596,-34941.39380697002,-34941.39380697002,-0.29311020978454844,-0.29311020978454844,-0.29311020978454844,-0.29311020978454844,-0.29311020978454844,-0.29311020978454844,0.0,0.0,0.0,-34941.68691717981
2025-04-17,-34893.83388438893,-36215.56250875671,-33631.904318132685,-34893.83388438893,-34893.83388438893,-8.290372775493013,-8.290372775493013,-8.290372775493013,-8.290372775493013,-8.290372775493013,-8.290372775493013,0.0,0.0,0.0,-34902.124257164425
2025-04-22,-34656.03427148348,-35925.00721208388,-33366.11304747845,-34656.03427148348,-34656.03427148348,-25.748017988117265,-25.748017988117265,-25.748017988117265,-25.748017988117265,-25.748017988117265,-25.748017988117265,0.0,0.0,0.0,-34681.782289471594
2025-04-23,-34608.47434890239,-35795.41045306618,-33312.492477128675,-34608.47434890239,-34608.47434890239,-0.29311020914209907,-0.29311020914209907,-0.29311020914209907,-0.29311020914209907,-0.29311020914209907,-0.29311020914209907,0.0,0.0,0.0,-34608.76745911153
2025-04-24,-34560.914426321295,-35847.00915683913,-33325.76007795081,-34560.914426321295,-34560.914426321295,-8.290372775116008,-8.290372775116008,-8.290372775116008,-8.290372775116008,-8.290372775116008,-8.290372775116008,0.0,0.0,0.0,-34569.20479909641
2025-04-25,-34513.35450374021,-35787.94740431671,-33294.27197834421,-34518.260403377564,-34512.25443636577,83.46607333628123,83.46607333628123,83.46607333628123,83.46607333628123,83.46607333628123,83.46607333628123,0.0,0.0,0.0,-34429.888430403924
2025-04-26,-34465.79458115912,-35600.79335881064,-33110.06349680585,-34480.338615685534,-34458.56356834166,102.07758814026013,102.07758814026013,102.07758814026013,102.07758814026013,102.07758814026013,102.07758814026013,0.0,0.0,0.0,-34363.71699301886
2025-04-27,-34418.234658578025,-36061.6712417951,-33493.79267353785,-34440.559870959805,-34401.60913095494,-298.8112944727582,-298.8112944727582,-298.8112944727582,-298.8112944727582,-298.8112944727582,-298.8112944727582,0.0,0.0,0.0,-34717.04595305079
2025-04-28,-34370.67473599694,-35534.69021388215,-32819.50720754409,-34404.54229005116,-34344.38646308004,147.5991339674542,147.5991339674542,147.5991339674542,147.5991339674542,147.5991339674542,147.5991339674542,0.0,0.0,0.0,-34223.07560202949
2025-04-29,-34323.11481341584,-35533.49599088216,-32995.36186223369,-34367.425441674226,-34281.902587495286,-25.74801798803723,-25.74801798803723,-25.74801798803723,-25.74801798803723,-25.74801798803723,-25.74801798803723,0.0,0.0,0.0,-34348.86283140388
2025-04-30,-34275.554890834755,-35556.13013691229,-32865.10403045153,-34334.143532746435,-34221.26338176506,-0.29311021036461576,-0.29311021036461576,-0.29311021036461576,-0.29311021036461576,-0.29311021036461576,-0.29311021036461576,0.0,0.0,0.0,-34275.84800104512
2025-05-01,-34227.99496825366,-35595.10206082756,-32945.51678645998,-34303.67501089614,-34161.9651706575,-8.290372774739001,-8.290372774739001,-8.290372774739001,-8.290372774739001,-8.290372774739001,-8.290372774739001,0.0,0.0,0.0,-34236.2853410284
2025-05-02,-34180.43504567257,-35421.80239962617,-32877.059801729076,-34270.36686599648,-34099.51568886047,83.4660733370181,83.4660733370181,83.4660733370181,83.4660733370181,83.4660733370181,83.4660733370181,0.0,0.0,0.0,-34096.968972335555
2025-05-03,-34132.875123091486,-35352.46282245431,-32661.251687862674,-34244.13821180946,-34034.89857444048,102.07758814190751,102.07758814190751,102.07758814190751,102.07758814190751,102.07758814190751,102.07758814190751,0.0,0.0,0.0,-34030.797534949575
2025-05-04,-34085.31520051039,-35731.53481124587,-33182.299262833825,-34217.17962062359,-33965.629429604705,-298.81129447255734,-298.81129447255734,-298.81129447255734,-298.81129447255734,-298.81129447255734,-298.81129447255734,0.0,0.0,0.0,-34384.12649498295
2025-05-05,-34037.755277929304,-35256.37242181167,-32456.834178571207,-34189.908345480166,-33896.257413867905,147.59913396756085,147.59913396756085,147.59913396756085,147.59913396756085,147.59913396756085,147.59913396756085,0.0,0.0,0.0,-33890.15614396174
2025-05-06,-33990.195355348216,-35293.978019614755,-32588.880085370307,-34162.714626011155,-33821.24871817235,-25.74801798795716,-25.74801798795716,-25.74801798795716,-25.74801798795716,-25.74801798795716,-25.74801798795716,0.0,0.0,0.0,-34015.94337333617
2025-05-07,-33942.635432767114,-35259.37221414402,-32710.124935951575,-34140.74651473822,-33755.156648042,-0.29311020972219304,-0.29311020972219304,-0.29311020972219304,-0.29311020972219304,-0.29311020972219304,-0.29311020972219304,0.0,0.0,0.0,-33942.928542976835
2025-05-08,-33895.075510186034,-35098.42696316866,-32600.131760277505,-34110.450319007046,-33686.73322872006,-8.290372775138284,-8.290372775138284,-8.290372775138284,-8.290372775138284,-8.290372775138284,-8.290372775138284,0.0,0.0,0.0,-33903.365882961174
2025-05-09,-33847.51558760495,-35108.00308518278,-32414.5882972585,-34089.20754500521,-33614.22859212414,83.466073337755,83.466073337755,83.466073337755,83.466073337755,83.466073337755,83.466073337755,0.0,0.0,0.0,-33764.04951426719
2025-05-10,-33799.955665023845,-35010.07972044856,-32404.31085486267,-34064.920432031504,-33538.739171271634,102.07758814121712,102.07758814121712,102.07758814121712,102.07758814121712,102.07758814121712,102.07758814121712,0.0,0.0,0.0,-33697.878076882625
2025-05-11,-33752.395742442764,-35340.84909470732,-32769.48620825559,-34041.933163460766,-33465.91868774975,-298.81129447282603,-298.81129447282603,-298.81129447282603,-298.81129447282603,-298.81129447282603,-298.81129447282603,0.0,0.0,0.0,-34051.20703691559
2025-05-12,-33704.83581986166,-34847.83138715308,-32199.549389162214,-34020.99530442564,-33393.60951675537,147.5991339676675,147.5991339676675,147.5991339676675,147.5991339676675,147.5991339676675,147.5991339676675,0.0,0.0,0.0,-33557.23668589399
2025-05-13,-33657.275897280575,-35053.061059542124,-32404.402380360243,-33994.49974955319,-33320.14366508782,-25.74801798852044,-25.74801798852044,-25.74801798852044,-25.74801798852044,-25.74801798852044,-25.74801798852044,0.0,0.0,0.0,-33683.02391526909
2025-05-14,-33609.71597469949,-34898.270275462055,-32219.829552266474,-33977.48057812065,-33241.21352346922,-0.2931102100122356,-0.2931102100122356,-0.2931102100122356,-0.2931102100122356,-0.2931102100122356,-0.2931102100122356,0.0,0.0,0.0,-33610.0090849095
2025-05-15,-33562.15605211839,-34957.24234943956,-32242.035670516085,-33964.26099397693,-33156.7800157593,-8.290372775798236,-8.290372775798236,-8.290372775798236,-8.290372775798236,-8.290372775798236,-8.290372775798236,0.0,0.0,0.0,-33570.44642489419
2025-05-16,-33514.596129537305,-34775.918257759935,-32105.64874304401,-33958.147859661265,-33082.52235675536,83.46607333755581,83.46607333755581,83.46607333755581,83.46607333755581,83.46607333755581,83.46607333755581,0.0,0.0,0.0,-33431.13005619975
2025-05-17,-33467.03620695622,-34813.06115576844,-32028.843667749745,-33935.23979227875,-32995.94523824818,102.07758814117656,102.07758814117656,102.07758814117656,102.07758814117656,102.07758814117656,102.07758814117656,0.0,0.0,0.0,-33364.95861881504
2025-05-18,-33419.47628437512,-35163.26944889356,-32283.3587331474,-33916.367804618196,-32922.76892400683,-298.8112944726251,-298.8112944726251,-298.8112944726251,-298.8112944726251,-298.8112944726251,-298.8112944726251,0.0,0.0,0.0,-33718.28757884775
2025-05-19,-33371.916361794036,-34687.41046056642,-31921.44653257807,-33903.11252823498,-32846.58243830886,147.59913396690249,147.59913396690249,147.59913396690249,147.59913396690249,147.59913396690249,147.59913396690249,0.0,0.0,0.0,-33224.31722782713
2025-05-20,-33324.35643921295,-34786.27499540959,-32006.1229435916,-33880.806644453456,-32774.87089676237,-25.7480179874314,-25.7480179874314,-25.7480179874314,-25.7480179874314,-25.7480179874314,-25.7480179874314,0.0,0.0,0.0,-33350.10445720038
2025-05-21,-33276.79651663185,-34539.62108842546,-31783.41056450838,-33853.53692075066,-32704.61849131288,-0.2931102093697991,-0.2931102093697991,-0.2931102093697991,-0.2931102093697991,-0.2931102093697991,-0.2931102093697991,0.0,0.0,0.0,-33277.089626841225
2025-05-22,-33229.236594050766,-34714.622391791236,-31679.527323744354,-33839.24971092088,-32630.878189087656,-8.290372774384274,-8.290372774384274,-8.290372774384274,-8.290372774384274,-8.290372774384274,-8.290372774384274,0.0,0.0,0.0,-33237.52696682515
